{"name": "Microsoft"}
{"interest_id": "6003257632086"}
{"values": ["120", "106", "108", "108", "74", "64", "87", "116", "99", "107", "88", "103", "102", "107", "92"]}
{"name": "2K Games"}
{"interest_id": "6003124160217"}
{"values": ["153", "122", "119", "99", "56", "35", "281", "101", "82", "123", "105", "103", "84", "122", "72"]}
{"name": "Bayer"}
{"interest_id": "6002878910972"}
{"values": ["59", "72", "71", "98", "149", "240", "107", "101", "101", "81", "120", "96", "93", "72", "134"]}
