[{"name": "2K Games", "values": ["153", "122", "119", "99", "56", "35", "281", "101", "82", "123", "108", "122", "102", "87", "92", "85", "98", "105", "103", "84", "122", "72"]}, {"name": "Bayer", "values": ["59", "72", "71", "98", "149", "240", "107", "101", "101", "81", "113", "106", "106", "106", "93", "86", "88", "120", "96", "93", "72", "134"]}, {"name": "Sony", "values": ["112", "121", "101", "93", "85", "91", "101", "166", "91", "115", "93", "102", "98", "95", "105", "102", "104", "97", "102", "97", "93", "108"]}, {"name": "Microsoft", "values": ["120", "106", "108", "108", "74", "64", "87", "116", "99", "107", "97", "99", "93", "103", "102", "97", "109", "88", "103", "102", "107", "92"]}]