[
{"name": "2K Games", "values": ["\n                              153\n                              ", "\n                              122\n                              ", "\n                              119\n                              ", "\n                              99\n                              ", "\n                              56\n                              ", "\n                              35\n                              ", "\n                              281\n                              ", "\n                              101\n                              ", "\n                              82\n                              ", "\n                              123\n                              ", "\n                              108\n                              ", "\n                              122\n                              ", "\n                              102\n                              ", "\n                              87\n                              ", "\n                              92\n                              ", "\n                              85\n                              ", "\n                              98\n                              ", "\n                              105\n                              ", "\n                              103\n                              ", "\n                              84\n                              ", "\n                              122\n                              ", "\n                              72\n                              "]},
{"name": "Microsoft", "values": ["\n                              120\n                              ", "\n                              106\n                              ", "\n                              108\n                              ", "\n                              108\n                              ", "\n                              74\n                              ", "\n                              64\n                              ", "\n                              87\n                              ", "\n                              116\n                              ", "\n                              99\n                              ", "\n                              107\n                              ", "\n                              97\n                              ", "\n                              99\n                              ", "\n                              93\n                              ", "\n                              103\n                              ", "\n                              102\n                              ", "\n                              97\n                              ", "\n                              109\n                              ", "\n                              88\n                              ", "\n                              103\n                              ", "\n                              102\n                              ", "\n                              107\n                              ", "\n                              92\n                              "]},
{"name": "Bayer", "values": ["\n                              59\n                              ", "\n                              72\n                              ", "\n                              71\n                              ", "\n                              98\n                              ", "\n                              149\n                              ", "\n                              240\n                              ", "\n                              107\n                              ", "\n                              101\n                              ", "\n                              101\n                              ", "\n                              81\n                              ", "\n                              113\n                              ", "\n                              106\n                              ", "\n                              106\n                              ", "\n                              106\n                              ", "\n                              93\n                              ", "\n                              86\n                              ", "\n                              88\n                              ", "\n                              120\n                              ", "\n                              96\n                              ", "\n                              93\n                              ", "\n                              72\n                              ", "\n                              134\n                              "]},
{"name": "Sony", "values": ["\n                              112\n                              ", "\n                              121\n                              ", "\n                              101\n                              ", "\n                              93\n                              ", "\n                              85\n                              ", "\n                              91\n                              ", "\n                              101\n                              ", "\n                              166\n                              ", "\n                              91\n                              ", "\n                              115\n                              ", "\n                              93\n                              ", "\n                              102\n                              ", "\n                              98\n                              ", "\n                              95\n                              ", "\n                              105\n                              ", "\n                              102\n                              ", "\n                              104\n                              ", "\n                              97\n                              ", "\n                              102\n                              ", "\n                              97\n                              ", "\n                              93\n                              ", "\n                              108\n                              "]}
]